ward,trend,p_value,slope
1,no trend,0.7544541774940892,0.1015584309506915
2,no trend,0.46551216987418664,-0.07252610901053202
3,no trend,0.07633274037635718,-0.21120188088556838
4,no trend,0.6021675277481957,-0.07413290587207783
5,no trend,0.7544541774940892,-0.030467160378534294
6,no trend,0.9169652366288645,-0.05949760580028851
7,no trend,0.7544541774940892,0.03298107103451743
8,no trend,0.7544541774940892,-0.1660156143027592
9,no trend,0.9169652366288645,-0.04329734902472868
10,no trend,0.6021675277481957,-0.19046902030871707
11,no trend,0.7544541774940892,-0.17846875986369098
12,no trend,0.46551216987418664,-0.27765534132439884
13,no trend,0.34808262363292397,-0.23941740563469147
14,no trend,0.9169652366288645,-0.18304663219317474
127,no trend,0.9169652366288645,-0.04554316618235329
128,no trend,0.7544541774940892,-0.11485999498343205
129,no trend,0.7544541774940892,-0.11904978069079153
130,no trend,0.9169652366288645,-0.156900049792934
131,no trend,0.46551216987418664,-0.35684909080455096
132,no trend,0.7544541774940892,-0.11452175408616773
133,no trend,0.7544541774940892,-0.09036441961444529
134,no trend,0.7544541774940892,-0.14540926598377846
135,no trend,0.7544541774940892,-0.17794017120370453
136,no trend,0.17530808080827365,-0.3676200752124019
137,no trend,0.7544541774940892,-0.30006457858361607
138,no trend,0.34808262363292397,-0.4005636377323354
139,no trend,0.46551216987418664,-0.32157183192129024
140,no trend,1.0,-0.03179289547434377
141,no trend,0.6021675277481957,-0.15660903836112228
142,no trend,0.7544541774940892,-0.1236498804826611
143,no trend,0.7544541774940892,-0.11041190080624519
144,no trend,0.9169652366288645,-0.03989646265525797
145,no trend,0.9169652366288645,-0.07228126995903583
146,no trend,1.0,0.009740990385081714
147,no trend,0.9169652366288645,0.06131744362589586
148,no trend,0.7544541774940892,0.06148428129024038
149,no trend,1.0,-0.0029804750524998966
150,no trend,0.9169652366288645,-0.07338903704162902
151,no trend,1.0,-0.0060247422880952
152,no trend,1.0,0.014642116007300386
153,no trend,0.9169652366288645,0.013161561667457338
154,no trend,0.9169652366288645,0.04515118540286108
155,no trend,1.0,-0.016007016179310173
156,no trend,0.7544541774940892,0.1498256185449532
157,no trend,0.6021675277481957,0.17897158091645693
158,no trend,0.7544541774940892,-0.15020937729458161
159,no trend,1.0,-0.0022493847434206238
160,no trend,0.11785089502136503,-0.41377078047966603
161,no trend,0.11785089502136503,-0.2477362807620045
162,no trend,0.6021675277481957,-0.5428348244598569
163,no trend,0.7544541774940892,-0.1770963893834689
164,no trend,0.6021675277481957,-0.42594917333389704
165,no trend,0.9169652366288645,0.08775773463958292
166,no trend,0.9169652366288645,-0.11964918235235267
167,no trend,0.9169652366288645,-0.04944184673802852
170,no trend,0.6021675277481957,-0.1582509666454534
171,no trend,0.11785089502136503,-0.1472420752950016
172,no trend,0.17530808080827365,-0.20101683540099557
173,no trend,0.46551216987418664,-0.23258344977265183
174,no trend,0.6021675277481957,-0.2652601346940506
175,no trend,0.9169652366288645,-0.15860005996073767
176,no trend,0.17530808080827365,-0.26384583380175514
177,no trend,0.7544541774940892,-0.1714123230457556
178,no trend,0.46551216987418664,-0.35400647702606775
179,no trend,0.9169652366288645,-0.1309217575699049
180,no trend,0.6021675277481957,-0.1653351535455248
181,no trend,0.17530808080827365,-0.3594267028310725
182,no trend,0.6021675277481957,-0.2479869604946797
168,no trend,1.0,0.014854097233303068
169,no trend,0.7544541774940892,-0.12163790508137354
183,no trend,0.6021675277481957,-0.18532741188432808
184,no trend,0.9169652366288645,-0.04814429370177677
185,no trend,0.2514521865080219,-0.27541748537337085
186,no trend,0.6021675277481957,-0.20403048445260796
187,no trend,0.46551216987418664,0.24873418779030382
188,no trend,0.9169652366288645,0.03296513666561118
189,no trend,0.7544541774940892,-0.07931010817644371
190,no trend,0.9169652366288645,-0.21691254068650362
191,no trend,1.0,-0.015547037716403977
192,no trend,0.46551216987418664,-0.28158076858294356
193,no trend,0.46551216987418664,-0.17745759868118255
194,no trend,0.2514521865080219,-0.11182545439301173
195,no trend,0.7544541774940892,-0.0923679262122441
196,no trend,0.7544541774940892,-0.11796763112903837
197,no trend,0.9169652366288645,0.20032676496650303
198,no trend,1.0,-0.016638855633844447
199,no trend,0.7544541774940892,-0.1508968838967687
200,no trend,0.6021675277481957,0.08464294926960866
15,no trend,0.34808262363292397,0.09028881540847411
16,no trend,0.7544541774940892,0.08261200130447476
17,no trend,0.46551216987418664,-0.09939663473977375
18,no trend,0.7544541774940892,0.07770479526918349
19,no trend,0.7544541774940892,-0.02636948810578854
20,no trend,1.0,0.005544403705613885
21,no trend,1.0,-0.009490700745554175
22,no trend,0.11785089502136503,-0.21543048844161444
23,no trend,0.46551216987418664,-0.16565949339884012
24,no trend,0.6021675277481957,-0.2181798546571528
25,no trend,0.9169652366288645,0.0390895050232731
26,no trend,0.6021675277481957,0.12743146970576133
27,no trend,1.0,0.0294956148951447
28,no trend,0.7544541774940892,-0.09088414238795708
29,no trend,0.34808262363292397,-0.29515059584162984
30,no trend,0.9169652366288645,0.1039749253921046
31,no trend,0.7544541774940892,0.13161847330253842
32,no trend,0.6021675277481957,0.22567922371590737
33,no trend,0.9169652366288645,0.0843827207585243
34,no trend,0.9169652366288645,0.10422853888347323
35,no trend,0.9169652366288645,-0.09331237542044235
36,no trend,0.46551216987418664,-0.14303980109420453
37,no trend,0.9169652366288645,-0.06863827684623214
38,no trend,0.2514521865080219,-0.25207036412796274
39,no trend,0.2514521865080219,-0.3102068106764805
40,no trend,0.2514521865080219,-0.3279168845602657
41,no trend,0.11785089502136503,-0.21861880999223615
42,no trend,0.17530808080827365,-0.32453298632749517
43,no trend,0.2514521865080219,-0.29499966873760874
44,no trend,0.46551216987418664,-0.17109767130253903
45,no trend,0.34808262363292397,-0.23391207369282002
46,no trend,0.2514521865080219,-0.4022267064477563
47,no trend,0.2514521865080219,-0.22976134461785103
48,no trend,0.17530808080827365,-0.23897297464285602
49,no trend,0.2514521865080219,-0.3125283925386448
50,no trend,0.34808262363292397,-0.32906862308659157
51,no trend,0.2514521865080219,-0.3115841044033255
52,no trend,0.17530808080827365,-0.24352698982262222
53,no trend,0.2514521865080219,-0.24532296014696914
54,no trend,0.34808262363292397,-0.14023815673614948
55,no trend,0.46551216987418664,-0.21989657133769153
56,no trend,0.34808262363292397,-0.2273673170831625
57,no trend,0.6021675277481957,-0.131938325707511
58,no trend,0.34808262363292397,-0.1431142842274446
59,no trend,0.2514521865080219,-0.23665522850079118
60,no trend,0.2514521865080219,-0.2410923697322899
61,decreasing,0.028567681801513034,-0.25489841866801743
62,no trend,0.2514521865080219,-0.22929281656578082
63,no trend,0.11785089502136503,-0.24978371359602888
64,no trend,0.9169652366288645,-0.11990194961583793
65,no trend,0.7544541774940892,-0.34080958599319544
66,no trend,0.9169652366288645,0.0159646042483228
67,no trend,0.9169652366288645,-0.07523752000755093
68,no trend,0.7544541774940892,-0.06915171250263726
69,no trend,0.6021675277481957,-0.20634475500080524
70,no trend,0.7544541774940892,-0.10847665811285251
71,no trend,0.9169652366288645,0.11094091032274753
72,no trend,0.34808262363292397,-0.22703232688852326
73,no trend,0.6021675277481957,-0.07622570857963584
74,no trend,0.6021675277481957,-0.25992903406095746
75,no trend,0.6021675277481957,-0.19723276803987816
76,no trend,0.6021675277481957,-0.16423873900322006
77,no trend,0.7544541774940892,-0.09339765519800017
78,no trend,0.34808262363292397,-0.1830662088795063
79,no trend,0.17530808080827365,-0.4866564170600096
80,no trend,0.17530808080827365,-0.28953259505611373
81,no trend,0.46551216987418664,-0.20792279189557306
82,no trend,0.34808262363292397,-0.262061427206114
83,no trend,0.7544541774940892,0.03974163484636971
84,no trend,0.6021675277481957,-0.2215308539301816
85,no trend,0.46551216987418664,-0.1984463237614264
86,no trend,0.34808262363292397,-0.1393964582167829
87,no trend,0.34808262363292397,-0.3423004711635086
88,no trend,0.46551216987418664,-0.2173542209412529
89,no trend,0.7544541774940892,-0.17695991763257285
90,no trend,0.46551216987418664,-0.26124645433623117
91,no trend,0.34808262363292397,-0.30717536001417933
92,no trend,0.46551216987418664,-0.3247714614562449
93,no trend,0.34808262363292397,-0.2734776391196995
94,no trend,0.7544541774940892,0.1634262184133088
95,no trend,0.9169652366288645,-0.06566495055824939
96,no trend,0.9169652366288645,-0.03337468681628838
97,no trend,0.9169652366288645,0.1715629286578224
98,no trend,0.7544541774940892,0.09008778405677731
99,no trend,0.34808262363292397,-0.23192247078175177
100,no trend,0.7544541774940892,-0.05304015851307601
101,no trend,0.9169652366288645,-0.02121429412930951
102,no trend,0.46551216987418664,-0.019556205221278048
103,no trend,0.6021675277481957,-0.07253843922117875
104,no trend,0.17530808080827365,-0.3009766327154
105,no trend,1.0,-0.010902700986862038
106,no trend,0.9169652366288645,-0.04163216349547767
107,no trend,0.34808262363292397,-0.2264060220476285
108,no trend,0.7544541774940892,-0.04148926897700018
109,no trend,0.7544541774940892,-0.18329144811379966
110,no trend,0.7544541774940892,-0.14657540956684142
111,no trend,0.17530808080827365,-0.27292896200660977
112,no trend,0.7544541774940892,-0.058704623961742655
113,no trend,0.2514521865080219,-0.21178748045262585
114,no trend,0.46551216987418664,-0.14213543471740628
115,no trend,0.2514521865080219,-0.23598569872728908
116,no trend,0.6021675277481957,-0.15248558870763373
117,no trend,0.2514521865080219,-0.38283409458822426
118,no trend,0.11785089502136503,-0.4050569768299094
119,no trend,0.2514521865080219,-0.21000138771722937
120,no trend,0.34808262363292397,-0.20494674322905065
121,no trend,0.17530808080827365,-0.1525405475593284
122,no trend,0.34808262363292397,-0.22325814262911542
123,no trend,0.2514521865080219,-0.13687642982497827
124,no trend,0.34808262363292397,-0.20759137592931154
125,no trend,0.2514521865080219,-0.20635125482345362
126,no trend,0.34808262363292397,-0.15599512902163326
